,name,company,year,Price,kms_driven,fuel_type
0,Hyundai Santro Xing,Hyundai,2007,"80,000",45000,Petrol
1,Mahindra Jeep CL550,Mahindra,2006,"4,25,000",40,Diesel
2,Maruti Suzuki Alto,Maruti,2018,Ask For Price,22000,Petrol
3,Hyundai Grand i10,Hyundai,2014,"3,25,000",28000,Petrol
4,Ford EcoSport Titanium,Ford,2014,"5,75,000",36000,Diesel
5,Ford EcoSport Titanium,Ford,2015,Ask For Price,59000,Diesel
6,Ford Figo,Ford,2012,"1,75,000",41000,Diesel
7,Hyundai Eon,Hyundai,2013,"1,90,000",25000,Petrol
8,Ford EcoSport Ambiente,Ford,2016,"8,30,000",24530,Diesel
9,Maruti Suzuki Alto,Maruti,2015,"2,50,000",60000,Petrol
10,Skoda Fabia Classic,Skoda,2010,"1,82,000",60000,Petrol
11,Maruti Suzuki Stingray,Maruti,2015,"3,15,000",30000,Petrol
12,Hyundai Elite i20,Hyundai,2014,"4,15,000",32000,Petrol
13,Mahindra Scorpio SLE,Mahindra,2015,"3,20,000",48660,Diesel
14,Hyundai Santro Xing,Hyundai,2007,"80,000",45000,Petrol
15,Mahindra Jeep CL550,Mahindra,2006,"4,25,000",40,Diesel
16,Audi A8,Audi,2017,"10,00,000",4000,Petrol
17,Audi Q7,Audi,2014,"5,00,000",16934,Diesel
18,Mahindra Scorpio S10,Mahindra,2016,"3,50,000",43000,Diesel
19,Maruti Suzuki Alto,Maruti,2014,"1,60,000",35550,Petrol
20,Mahindra Scorpio S10,Mahindra,2016,"3,50,000",43000,Diesel
21,Mahindra Scorpio S10,Mahindra,2016,"3,10,000",39522,Diesel
22,Maruti Suzuki Alto,Maruti,2015,"75,000",39000,Petrol
23,Hyundai i20 Sportz,Hyundai,2012,"1,00,000",55000,Petrol
24,Hyundai i20 Sportz,Hyundai,2012,"1,00,000",55000,Petrol
25,Hyundai i20 Sportz,Hyundai,2012,"1,00,000",55000,Petrol
26,Maruti Suzuki Alto,Maruti,2017,"1,90,000",72000,Petrol
27,Maruti Suzuki Vitara,Maruti,2016,"2,90,000",15975,Diesel
28,Maruti Suzuki Alto,Maruti,2008,"95,000",70000,Petrol
29,Mahindra Bolero DI,Mahindra,2017,"1,80,000",23452,Diesel
30,Maruti Suzuki Swift,Maruti,2014,"3,85,000",35522,Diesel
31,Mahindra Scorpio S10,Mahindra,2015,"2,50,000",48508,Diesel
32,Maruti Suzuki Swift,Maruti,2017,"1,80,000",15487,Petrol
33,Maruti Suzuki Wagon,Maruti,2013,"1,05,000",39000,Petrol
34,Maruti Suzuki Wagon,Maruti,2013,"1,05,000",39000,Petrol
35,Toyota Innova 2.0,Toyota,2012,"6,50,000",82000,Diesel
36,Renault Lodgy 85,Renault,2018,"6,89,999",20000,Diesel
37,Skoda Yeti Ambition,Skoda,2012,"4,48,000",68000,Diesel
38,Maruti Suzuki Baleno,Maruti,2017,"5,49,000",32000,Diesel
39,Renault Duster 110,Renault,2012,"5,01,000",38000,Diesel
40,Renault Duster 85,Renault,2013,"4,89,999",27000,Diesel
41,Honda City 1.5,Honda,2011,"2,80,000",33000,Petrol
42,Maruti Suzuki Alto,Maruti,2015,"2,50,000",60000,Petrol
43,Maruti Suzuki Dzire,Maruti,2013,"3,49,999",46000,Diesel
44,Honda Amaze,Honda,2013,"2,84,999",46000,Diesel
45,Honda Amaze 1.5,Honda,2015,"3,45,000",36000,Diesel
46,Honda City,Honda,2015,"4,99,999",55000,Petrol
47,Datsun Redi GO,Datsun,2017,"2,35,000",16000,Petrol
48,Maruti Suzuki SX4,Maruti,2010,"2,49,999",36000,Petrol
49,Mitsubishi Pajero Sport,Mitsubishi,2015,"14,75,000",47000,Diesel
50,Mahindra Bolero DI,Mahindra,2017,"1,80,000",23452,Diesel
51,Maruti Suzuki Swift,Maruti,2014,"3,85,000",35522,Diesel
52,Mahindra Scorpio S10,Mahindra,2015,"2,50,000",48508,Diesel
53,Maruti Suzuki Swift,Maruti,2017,"1,80,000",15487,Petrol
54,Maruti Suzuki Wagon,Maruti,2013,"1,05,000",39000,Petrol
55,Maruti Suzuki Wagon,Maruti,2013,"1,05,000",39000,Petrol
56,Mahindra Scorpio S10,Mahindra,2015,"3,95,000",35000,Diesel
57,Maruti Suzuki Swift,Maruti,2017,"2,20,000",30874,Petrol
58,Honda City ZX,Honda,2017,"1,70,000",15000,Diesel
59,Maruti Suzuki Wagon,Maruti,2013,"85,000",29685,Petrol
60,Ford Figo,Ford,2012,"1,75,000",41000,Diesel
61,Hyundai Eon,Hyundai,2013,"1,90,000",25000,Petrol
62,Tata Indigo eCS,Tata,2017,"2,00,000",130000,Diesel
63,Ford EcoSport Ambiente,Ford,2016,"8,30,000",24530,Diesel
64,Tata Indigo eCS,Tata,2017,"2,00,000",130000,Diesel
65,Mahindra Scorpio SLE,Mahindra,2012,"5,70,000",19000,Diesel
66,Volkswagen Polo Highline,Volkswagen,2014,"3,15,000",60000,Petrol
67,Skoda Fabia Classic,Skoda,2010,"1,82,000",60000,Petrol
68,Maruti Suzuki Stingray,Maruti,2015,"3,15,000",30000,Petrol
69,Chevrolet Spark LS,Chevrolet,2010,"1,10,000",41000,Petrol
70,Renault Duster 110PS,Renault,2012,"5,01,000",35000,Diesel
71,Honda City,Honda,2015,"4,48,999",54000,Petrol
72,Mini Cooper S,Mini,2013,"18,91,111",13000,Petrol
73,Datsun Redi GO,Datsun,2017,"2,35,000",16000,Petrol
74,Skoda Fabia 1.2L,Skoda,2011,"1,59,500",38200,Diesel
75,Honda Amaze,Honda,2015,"3,44,999",22000,Petrol
76,Honda Amaze,Honda,2015,"3,44,999",22000,Petrol
77,Renault Duster,Renault,2014,"4,49,999",50000,Diesel
78,Mini Cooper S,Mini,2013,"18,91,111",13500,Petrol
79,Mahindra Scorpio S4,Mahindra,2015,"8,65,000",30000,Diesel
80,Mahindra Scorpio VLX,Mahindra,2014,"6,99,000",50000,Diesel
81,Mahindra Quanto C8,Mahindra,2013,"3,75,000",20000,Diesel
82,Ford EcoSport,Ford,2017,"4,89,999",39000,Petrol
83,Honda Brio,Honda,2012,"2,24,999",30000,Petrol
84,Volkswagen Vento Highline,Volkswagen,2019,"12,00,000",3600,Diesel
85,Hyundai i20 Magna,Hyundai,2009,"1,95,000",32000,Petrol
86,Toyota Corolla Altis,Toyota,2010,"3,51,000",38000,Diesel
87,Hyundai Verna Transform,Hyundai,2008,"1,60,000",45000,Petrol
88,Toyota Corolla Altis,Toyota,2009,"2,40,000",35000,Petrol
89,Honda City 1.5,Honda,2005,"90,000",50000,Petrol
90,Hyundai Elite i20,Hyundai,2014,"4,15,000",32000,Petrol
91,Skoda Fabia 1.2L,Skoda,2011,"1,55,000",45863,Diesel
92,BMW 3 Series,BMW,2011,"6,00,000",60500,Petrol
93,Maruti Suzuki A,Maruti,2011,"1,89,500",12500,Petrol
94,Toyota Etios GD,Toyota,2013,"3,50,000",60000,Diesel
95,Ford Figo Diesel,Ford,2012,"2,10,000",35000,Diesel
96,Maruti Suzuki Swift,Maruti,2014,"3,90,000",35000,Petrol
97,Chevrolet Beat LT,Chevrolet,2012,"1,35,000",45000,Diesel
98,BMW 7 Series,BMW,2009,"16,00,000",35000,Petrol
99,Mahindra XUV500 W8,Mahindra,2013,"7,01,000",38000,Diesel
100,Hyundai i10 Magna,Hyundai,2014,"2,65,000",18000,Petrol
101,Hyundai Verna Fluidic,Hyundai,2015,"5,25,000",35000,Diesel
102,Maruti Suzuki Swift,Maruti,2013,"3,72,000",13349,Petrol
103,Maruti Suzuki Ertiga,Maruti,2016,"6,35,000",29000,Petrol
104,Ford EcoSport Titanium,Ford,2014,"5,50,000",44000,Diesel
105,Maruti Suzuki Ertiga,Maruti,2016,"5,75,000",29000,Petrol
106,Maruti Suzuki Ertiga,Maruti,2013,"4,85,000",42000,Diesel
107,Maruti Suzuki Alto,Maruti,2012,"1,55,000",14000,Petrol
108,Hyundai Grand i10,Hyundai,2014,"3,45,000",49000,Diesel
109,Honda Amaze 1.2,Honda,2014,"3,25,000",42000,Petrol
110,Hyundai i20 Asta,Hyundai,2012,"3,29,500",36200,Diesel
111,Ford Figo Diesel,Ford,2014,"1,95,000",50000,Diesel
112,Maruti Suzuki Eeco,Maruti,2015,"2,51,111",55000,Petrol
113,Maruti Suzuki Ertiga,Maruti,2014,"5,69,999",45000,Petrol
114,Maruti Suzuki Esteem,Maruti,2007,"69,999",51000,Petrol
115,Maruti Suzuki Ritz,Maruti,2014,"2,99,999",19000,Petrol
116,Maruti Suzuki Dzire,Maruti,2009,"2,20,000",46000,Petrol
117,Maruti Suzuki Ritz,Maruti,2013,"3,99,999",33000,Diesel
118,Maruti Suzuki Swift,Maruti,2013,"3,72,000",13349,Petrol
119,Maruti Suzuki Dzire,Maruti,2015,"4,50,000",104000,Diesel
120,Toyota Etios Liva,Toyota,2014,"2,70,000",55000,Petrol
121,Hyundai i20 Sportz,Hyundai,2011,"3,50,000",33333,Diesel
122,Chevrolet Spark,Chevrolet,2012,"1,58,400",33600,Petrol
123,Maruti Suzuki Alto,Maruti,2017,"3,50,000",5600,Petrol
124,Nissan Micra XV,Nissan,2011,"1,79,000",41000,Petrol
125,Maruti Suzuki Swift,Maruti,2007,"1,25,000",70000,Petrol
126,Maruti Suzuki Alto,Maruti,2018,"2,00,000",7500,Petrol
127,Honda Amaze 1.5,Honda,2013,"2,99,000",45000,Diesel
128,Maruti Suzuki Alto,Maruti,2015,"2,20,000",38000,Petrol
129,Chevrolet Beat,Chevrolet,2015,"1,50,000",30000,Petrol
130,Honda City 1.5,Honda,2010,"2,85,000",35000,Petrol
131,Ford EcoSport Trend,Ford,2016,"8,30,000",24330,Diesel
132,Hyundai i20 Asta,Hyundai,2009,"2,10,000",65480,Petrol
133,Maruti Suzuki Swift,Maruti,2013,"3,40,000",41000,Petrol
134,Tata Indica V2,Tata,2006,"90,000",20000,Petrol
135,Maruti Suzuki Alto,Maruti,2018,Ask For Price,28028,Petrol
136,Hindustan Motors Ambassador,Hindustan,2000,"70,000",200000,Diesel
137,Toyota Corolla Altis,Toyota,2010,"2,89,999",70000,Petrol
138,Toyota Corolla Altis,Toyota,2012,"3,49,999",59000,Petrol
139,Toyota Innova 2.5,Toyota,2012,"8,49,999",99000,Diesel
140,Volkswagen Jetta Highline,Volkswagen,2014,"7,49,999",46000,Diesel
141,Volkswagen Polo Comfortline,Volkswagen,2015,"3,99,999",2800,Petrol
142,Volkswagen Polo,Volkswagen,2014,"2,74,999",32000,Petrol
143,Mahindra Scorpio,Mahindra,2015,"9,84,999",22000,Diesel
144,Renault Duster,Renault,2014,"4,49,999",50000,Diesel
145,Honda Amaze,Honda,2015,"3,44,999",22000,Petrol
146,Nissan Sunny,Nissan,2012,"2,24,999",45000,Petrol
147,Hyundai Elite i20,Hyundai,2018,"5,99,999",21000,Petrol
148,Renault Kwid,Renault,2016,"2,44,999",11000,Petrol
149,Renault Duster,Renault,2013,"3,99,999",41000,Diesel
150,Ford EcoSport,Ford,2017,"4,89,999",39000,Petrol
151,Renault Duster,Renault,2014,"4,74,999",50000,Diesel
152,Mahindra Scorpio VLX,Mahindra,2011,"4,99,999",66000,Diesel
153,Maruti Suzuki Alto,Maruti,2018,"3,10,000",3000,Petrol
154,Chevrolet Spark LT,Chevrolet,2010,"85,000",45000,Petrol
155,Datsun Redi GO,Datsun,2016,"2,45,000",7000,Petrol
156,Maruti Suzuki Swift,Maruti,2010,"1,89,500",38500,Diesel
157,Fiat Punto Emotion,Fiat,2012,"1,69,500",37200,Diesel
158,Maruti Suzuki Swift,Maruti,2010,"1,59,500",43200,Diesel
159,Toyota Etios GD,Toyota,2013,"2,75,000",24800,Petrol
160,Hyundai i20 Sportz,Hyundai,2014,"3,70,000",60000,Diesel
161,Hyundai i10 Sportz,Hyundai,2010,"1,68,000",45872,Petrol
162,Chevrolet Beat LT,Chevrolet,2011,"1,50,000",40000,Diesel
163,Chevrolet Beat LS,Chevrolet,2011,"1,45,000",45000,Diesel
164,Chevrolet Beat LT,Chevrolet,2012,"98,500",38000,Diesel
165,Mahindra Scorpio VLX,Mahindra,2014,"6,99,000",50000,Diesel
166,Tata Indigo CS,Tata,2011,"85,000",11400,Diesel
167,Toyota Corolla Altis,Toyota,2015,"5,75,000",42000,Petrol
168,Honda City 1.5,Honda,2014,"5,49,000",39000,Petrol
169,Maruti Suzuki Swift,Maruti,2011,"2,09,000",47000,Diesel
170,Hyundai Eon Era,Hyundai,2013,"1,85,000",27000,Petrol
171,Mahindra Scorpio S10,Mahindra,2015,"9,00,000",97200,Diesel
172,Mahindra XUV500,Mahindra,2014,"6,99,999",52000,Diesel
173,Honda Brio,Honda,2012,"2,24,999",30000,Petrol
174,Ford Fiesta,Ford,2011,"2,74,999",55000,Diesel
175,Honda Amaze,Honda,2013,"2,84,999",46000,Diesel
176,Honda City,Honda,2015,"5,99,999",30000,Diesel
177,Maruti Suzuki Wagon,Maruti,2012,"1,99,999",44000,Petrol
178,Honda City,Honda,2014,"5,44,999",45000,Diesel
179,Hyundai i20,Hyundai,2009,"1,99,000",31000,Petrol
180,Tata Indigo eCS,Tata,2016,"3,20,000",175430,Diesel
181,Hyundai Fluidic Verna,Hyundai,2015,"5,40,000",38000,Diesel
182,Mahindra Quanto C8,Mahindra,2013,"3,40,000",37000,Diesel
183,Fiat Petra ELX,Fiat,2008,"75,000",65000,Petrol
184,Skoda Fabia 1.2L,Skoda,2011,"1,59,500",38200,Diesel
185,Mini Cooper S,Mini,2013,"18,91,111",13000,Petrol
186,Hyundai Santro Xing,Hyundai,2005,"49,000",7500,Petrol
187,Maruti Suzuki Ciaz,Maruti,2016,"7,00,000",3350,Petrol
188,Maruti Suzuki Zen,Maruti,2000,"55,000",60000,Petrol
189,Honda City,Honda,2015,"4,48,999",54000,Petrol
190,Hyundai Creta 1.6,Hyundai,2017,"8,95,000",32000,Petrol
191,Mahindra Scorpio SLX,Mahindra,2007,"3,55,000",75000,Diesel
192,Mahindra Scorpio SLE,Mahindra,2012,"5,65,000",62000,Diesel
193,Toyota Innova 2.5,Toyota,2006,"3,65,000",73000,Diesel
194,Maruti Suzuki Alto,Maruti,2011,"1,45,000",41000,Petrol
195,Maruti Suzuki Wagon,Maruti,2011,"2,10,000",35000,Petrol
196,Tata Nano Cx,Tata,2013,"40,000",2200,Petrol
197,Maruti Suzuki Alto,Maruti,2013,"1,25,000",39000,Petrol
198,Maruti Suzuki Wagon,Maruti,2009,"1,35,000",45000,Petrol
199,Maruti Suzuki Swift,Maruti,2006,"1,35,000",45000,Petrol
200,Tata Sumo Victa,Tata,2012,"2,85,000",65000,Diesel
201,Maruti Suzuki Wagon,Maruti,2010,"1,45,000",54870,Petrol
202,Maruti Suzuki Alto,Maruti,2010,"1,35,000",34580,Petrol
203,Volkswagen Passat Diesel,Volkswagen,2009,"4,50,000",97000,Diesel
204,Renault Scala RxL,Renault,2015,"3,75,000",25000,Diesel
205,Mahindra Quanto C8,Mahindra,2013,"3,75,000",20000,Diesel
206,Hyundai Grand i10,Hyundai,2014,"3,65,000",20000,Petrol
207,Hyundai i20 Active,Hyundai,2015,"5,00,000",18000,Petrol
208,Mahindra Xylo E4,Mahindra,2012,"4,00,000",35000,Diesel
209,Mahindra Jeep MM,Mahindra,2019,"3,90,000",60,Diesel
210,Renault Duster 110PS,Renault,2012,"5,01,000",35000,Diesel
211,Mahindra Bolero SLE,Mahindra,2013,"3,30,000",80200,Diesel
212,Force Motors Force,Force,2015,"5,80,000",3200,Diesel
213,Maruti Suzuki SX4,Maruti,2012,"2,65,000",46000,Diesel
214,Mahindra Jeep CL550,Mahindra,2019,"3,79,000",0000,Diesel
215,Maruti Suzuki Alto,Maruti,2015,"2,19,000",5000,Petrol
216,Mahindra Jeep CL550,Mahindra,2018,"3,85,000",588,Diesel
217,Toyota Etios,Toyota,2011,"2,75,000",36000,Diesel
218,Volkswagen Polo,Volkswagen,2015,"3,30,000",38000,Diesel
219,Honda City ZX,Honda,2008,"1,10,000",45000,Petrol
220,Maruti Suzuki Wagon,Maruti,2006,"80,000",71200,Petrol
221,Honda City VX,Honda,2016,"5,19,000",52000,Diesel
222,Mahindra Thar CRDe,Mahindra,2016,"7,30,000",29000,Diesel
223,Mitsubishi Pajero Sport,Mitsubishi,2015,"14,75,000",47000,Diesel
224,Audi A4 1.8,Audi,2009,"6,99,000",47000,Petrol
225,Mercedes Benz GLA,Mercedes,2015,"20,00,000",20000,Diesel
226,Land Rover Freelander,Land,2015,"21,00,000",30000,Diesel
227,Renault Kwid RXT,Renault,2017,"3,40,000",5000,Petrol
228,Tata Aria Pleasure,Tata,2014,"3,90,000",35000,Diesel
229,Mercedes Benz B,Mercedes,2014,"14,00,000",31000,Petrol
230,Datsun GO T,Datsun,2016,"2,45,000",7000,Petrol
231,Tata Indigo eCS,Tata,2016,"3,20,000",175430,Diesel
232,Tata Indigo eCS,Tata,2016,"3,20,000",175400,Diesel
233,Honda Jazz VX,Honda,2016,"4,50,000",41000,Petrol
234,Honda Amaze 1.2,Honda,2014,"3,11,000",33000,Petrol
235,Honda Amaze,Honda,2013,"2,84,999",46000,Diesel
236,Honda City,Honda,2012,"3,99,999",45000,Petrol
237,Honda City,Honda,2015,"5,99,999",39000,Diesel
238,Honda Amaze,Honda,2015,"3,44,999",22000,Petrol
239,Audi A4 1.8,Audi,2009,"6,99,000",47000,Petrol
240,Force Motors Force,Force,2015,"5,80,000",3200,Diesel
241,Mahindra Scorpio S4,Mahindra,2015,"8,55,000",30000,Diesel
242,Hyundai i20 Active,Hyundai,2015,"5,35,000",37000,Diesel
243,Mini Cooper S,Mini,2013,"18,91,111",13000,Petrol
244,Maruti Suzuki Ciaz,Maruti,2017,"6,99,000",14000,Petrol
245,Chevrolet Tavera Neo,Chevrolet,2013,"3,75,000",55000,Diesel
246,Honda Amaze,Honda,2013,"2,84,999",46000,Diesel
247,Hyundai Eon Sportz,Hyundai,2012,"1,78,000",30000,Petrol
248,Tata Sumo Gold,Tata,2013,"3,00,000",50000,Diesel
249,Maruti Suzuki Wagon,Maruti,2003,"90,000",45000,Petrol
250,Maruti Suzuki Esteem,Maruti,2006,"95,000",45000,Petrol
251,Maruti Suzuki Eeco,Maruti,2015,"2,55,000",9300,Petrol
252,Chevrolet Enjoy 1.4,Chevrolet,2013,"2,45,000",55000,Diesel
253,Hyundai i20 Asta,Hyundai,2012,"3,29,500",36200,Diesel
254,Ford Figo Diesel,Ford,2014,"1,95,000",50000,Diesel
255,Maruti Suzuki Eeco,Maruti,2015,"2,51,111",55000,Petrol
256,Maruti Suzuki Ertiga,Maruti,2014,"5,69,999",45000,Petrol
257,Maruti Suzuki Esteem,Maruti,2007,"69,999",51000,Petrol
258,Maruti Suzuki Ritz,Maruti,2014,"2,99,999",19000,Petrol
259,Maruti Suzuki Dzire,Maruti,2009,"2,20,000",46000,Petrol
260,Maruti Suzuki Ritz,Maruti,2013,"3,99,999",33000,Diesel
261,Maruti Suzuki SX4,Maruti,2010,"2,49,999",36000,Petrol
262,Maruti Suzuki Wagon,Maruti,2015,"2,89,999",22000,Petrol
263,Mini Cooper S,Mini,2013,"18,91,111",13500,Petrol
264,Nissan Terrano XL,Nissan,2015,"4,99,999",60000,Diesel
265,Renault Duster 85,Renault,2013,"4,89,999",27000,Diesel
266,Renault Duster 85,Renault,2014,"4,89,999",59000,Diesel
267,Renault Duster 85,Renault,2015,"5,49,999",19000,Diesel
268,Maruti Suzuki Dzire,Maruti,2013,"3,80,000",30000,Petrol
269,Renault Kwid RXT,Renault,2018,"3,25,000",15000,Petrol
270,Maruti Suzuki Maruti,Maruti,2003,"57,000",56758,Petrol
271,Renault Kwid 1.0,Renault,2018,"3,49,999",10000,Petrol
272,Renault Lodgy 85,Renault,2018,"6,89,999",20000,Diesel
273,Renault Scala RxL,Renault,2014,"3,49,999",49000,Diesel
274,Hyundai Grand i10,Hyundai,2014,"4,10,000",41000,Petrol
275,Maruti Suzuki Swift,Maruti,2011,"2,25,000",45000,Petrol
276,Chevrolet Beat LS,Chevrolet,2010,"1,20,000",43000,Petrol
277,Tata Indigo eCS,Tata,2016,"3,20,000",175430,Diesel
278,Hyundai Santro Xing,Hyundai,2000,"59,000",56450,Petrol
279,Hyundai Fluidic Verna,Hyundai,2015,"5,40,000",38000,Diesel
280,Chevrolet Beat LS,Chevrolet,2010,"80,000",56000,Petrol
281,Mahindra Quanto C8,Mahindra,2013,"3,40,000",37000,Diesel
282,Fiat Petra ELX,Fiat,2008,"75,000",65000,Petrol
283,Chevrolet Beat LS,Chevrolet,2015,"2,20,000",32700,Petrol
284,Skoda Fabia 1.2L,Skoda,2011,"1,59,500",38200,Diesel
285,Ford EcoSport Titanium,Ford,2016,"5,99,000",30000,Diesel
286,Hyundai Accent GLX,Hyundai,2006,"80,000",56000,Petrol
287,Maruti Suzuki Swift,Maruti,2010,Ask For Price,52000,Diesel
288,Mahindra TUV300 T4,Mahindra,2016,"6,75,000",9000,Diesel
289,Mini Cooper S,Mini,2013,"18,91,111",13000,Petrol
290,Mini Cooper S,Mini,2013,"18,91,111",13000,Petrol
291,Tata Indica V2,Tata,2008,"1,50,000",11000,Petrol
292,Mini Cooper S,Mini,2013,"18,91,111",13000,Petrol
293,Tata Indigo CS,Tata,2009,"72,500",46000,Diesel
294,Maruti Suzuki Swift,Maruti,2019,"6,10,000",73,Petrol
295,Mahindra Scorpio VLX,Mahindra,2004,"2,30,000",160000,Diesel
296,Tata Indica eV2,Tata,2017,Ask For Price,84000,Diesel
297,Honda Accord,Honda,2009,"1,75,000",58559,Petrol
298,Mahindra Scorpio S4,Mahindra,2015,"8,55,000",30000,Diesel
299,Chevrolet Tavera Neo,Chevrolet,2013,"3,75,000",55000,Diesel
300,Ford EcoSport Titanium,Ford,2014,"5,20,000",57000,Diesel
301,Maruti Suzuki Ertiga,Maruti,2015,"5,24,999",50000,Diesel
302,Honda Amaze,Honda,2014,"2,99,999",37000,Petrol
303,Maruti Suzuki Dzire,Maruti,2012,"2,99,999",40000,Petrol
304,Honda City,Honda,2011,"2,84,999",55000,Petrol
305,Mahindra Scorpio 2.6,Mahindra,2007,"2,20,000",170000,Diesel
306,Maruti Suzuki Dzire,Maruti,2014,"4,24,999",55000,Diesel
307,Honda City,Honda,2015,"6,44,999",39000,Petrol
308,Honda Mobilio,Honda,2014,"3,99,999",44000,Petrol
309,Toyota Corolla Altis,Toyota,2009,"1,99,999",65000,Petrol
310,Honda City,Honda,2014,"5,84,999",39000,Petrol
311,Skoda Laura,Skoda,2012,"3,49,999",44000,Diesel
312,Renault Duster,Renault,2015,"4,49,999",49000,Diesel
313,Maruti Suzuki Ertiga,Maruti,2018,"7,99,999",9000,Diesel
314,Maruti Suzuki Dzire,Maruti,2015,"4,44,999",45000,Diesel
315,Mahindra XUV500,Mahindra,2014,"6,49,999",47000,Diesel
316,Hyundai Verna Fluidic,Hyundai,2012,"4,44,999",40000,Diesel
317,Maruti Suzuki Vitara,Maruti,2016,"6,89,999",29000,Diesel
318,Maruti Suzuki Wagon,Maruti,2016,"3,44,999",15000,Petrol
319,Mahindra Scorpio,Mahindra,2015,"9,44,999",45000,Diesel
320,Honda Amaze,Honda,2014,"2,74,999",35000,Petrol
321,Mahindra XUV500,Mahindra,2013,"6,89,999",80000,Diesel
322,Mahindra Scorpio,Mahindra,2013,"5,74,999",68000,Diesel
323,Skoda Laura,Skoda,2013,"3,74,999",50000,Diesel
324,Volkswagen Polo,Volkswagen,2010,"1,99,999",60000,Diesel
325,Hyundai Elite i20,Hyundai,2016,"5,49,999",9000,Petrol
326,Tata Manza Aura,Tata,2012,"1,30,000",72000,Diesel
327,Chevrolet Sail UVA,Chevrolet,2013,"2,10,000",60000,Petrol
328,Renault Duster 110,Renault,2012,"5,01,000",38000,Diesel
329,Hyundai Verna Fluidic,Hyundai,2013,"4,01,000",45000,Diesel
330,Audi A4 2.0,Audi,2012,"13,50,000",40000,Diesel
331,Hyundai Elantra SX,Hyundai,2013,"6,00,000",20000,Petrol
332,Mahindra Scorpio VLX,Mahindra,2013,"6,10,000",35000,Diesel
333,Mahindra KUV100 K8,Mahindra,2016,"4,00,000",20000,Diesel
334,Renault Scala RxL,Renault,2015,"3,75,000",25000,Diesel
335,Mahindra Quanto C8,Mahindra,2013,"3,75,000",20000,Diesel
336,Hyundai Grand i10,Hyundai,2014,"3,65,000",20000,Petrol
337,Hyundai i20 Active,Hyundai,2015,"5,00,000",18000,Petrol
338,Mahindra Xylo E4,Mahindra,2012,"4,00,000",35000,Diesel
339,Hyundai Grand i10,Hyundai,2017,"5,24,999",6821,Petrol
340,Hyundai i20,Hyundai,2014,"4,49,999",23000,Petrol
341,Hyundai Eon,Hyundai,2014,"1,74,999",14000,Petrol
342,Hyundai i10,Hyundai,2012,"2,44,999",38000,Petrol
343,Hyundai i20 Active,Hyundai,2015,"5,74,999",35000,Diesel
344,Datsun Redi GO,Datsun,2017,"2,44,999",22000,Petrol
345,Toyota Etios Liva,Toyota,2011,"2,39,999",41000,Petrol
346,Hyundai Accent,Hyundai,2010,"99,999",45000,Petrol
347,Hyundai Verna,Hyundai,2014,"4,89,999",44000,Diesel
348,Maruti Suzuki Swift,Maruti,2013,"3,24,999",45000,Diesel
349,Toyota Fortuner,Toyota,2011,"10,74,999",52000,Diesel
350,Hyundai i10 Sportz,Hyundai,2012,"2,30,000",34000,Petrol
351,Mahindra Bolero Power,Mahindra,2018,"6,99,000",1800,Diesel
352,Mahindra XUV500,Mahindra,2015,"10,00,000",15000,Diesel
353,Honda City 1.5,Honda,2010,"2,40,000",400000,Petrol
354,Chevrolet Spark LT,Chevrolet,2009,"1,10,000",44000,Petrol
355,Mahindra Jeep MM,Mahindra,2019,"3,90,000",60,Diesel
356,Renault Duster 110PS,Renault,2012,"5,01,000",35000,Diesel
357,Mahindra XUV500,Mahindra,2016,"11,30,000",72000,Diesel
358,Tata Indigo eCS,Tata,2014,"2,50,000",40000,Diesel
359,Mahindra Bolero SLE,Mahindra,2013,"3,30,000",80200,Diesel
360,Force Motors Force,Force,2015,"5,80,000",3200,Diesel
361,Skoda Rapid Elegance,Skoda,2013,"3,40,000",48000,Diesel
362,Tata Vista Quadrajet,Tata,2011,"1,20,000",90000,Diesel
363,Maruti Suzuki Alto,Maruti,2015,"2,65,000",12000,Petrol
364,Maruti Suzuki SX4,Maruti,2012,"2,65,000",46000,Diesel
365,Maruti Suzuki Zen,Maruti,2003,"85,000",69900,Petrol
366,Mahindra Jeep CL550,Mahindra,2019,"3,79,000",0000,Diesel
367,Hyundai i10 Magna,Hyundai,2011,"1,75,000",45000,Petrol
368,Maruti Suzuki Alto,Maruti,2015,"2,19,000",5000,Petrol
369,Maruti Suzuki Swift,Maruti,2016,"3,50,000",166000,Diesel
370,Honda City ZX,Honda,2008,"1,49,000",42000,Petrol
371,Mahindra Jeep CL550,Mahindra,2018,"3,85,000",588,Diesel
372,Mahindra Jeep MM,Mahindra,2006,"4,25,000",122,Diesel
373,Chevrolet Beat Diesel,Chevrolet,2017,"1,50,000",62000,Diesel
374,Honda City 1.5,Honda,2010,"2,25,000",70000,Petrol
375,Hyundai Verna 1.4,Hyundai,2014,"3,75,000",36000,Petrol
376,Toyota Innova 2.5,Toyota,2012,"7,70,000",0,Diesel
377,Maruti Suzuki Alto,Maruti,2018,Ask For Price,24000,Petrol
378,Maruti Suzuki Maruti,Maruti,1995,"30,000",55000,Petrol
379,Toyota Etios,Toyota,2011,"2,75,000",36000,Diesel
380,Volkswagen Polo,Volkswagen,2015,"3,30,000",38000,Diesel
381,Maruti Suzuki Swift,Maruti,2014,"3,35,000",55000,Diesel
382,Hyundai Elite i20,Hyundai,2015,"4,50,000",20000,Diesel
383,Maruti Suzuki Swift,Maruti,2012,"2,25,000",40000,Petrol
384,Maruti Suzuki Versa,Maruti,2004,"80,000",50000,Petrol
385,Tata Indigo LX,Tata,2016,"1,30,000",104000,Diesel
386,Volkswagen Vento Konekt,Volkswagen,2011,"2,45,000",65000,Diesel
387,Mercedes Benz C,Mercedes,2002,"3,99,000",41000,Petrol
388,Maruti Suzuki Ertiga,Maruti,2013,"4,50,000",90000,Diesel
389,Honda City,Honda,2000,"65,000",80000,Petrol
390,Hyundai Santro Xing,Hyundai,2006,"75,000",46000,Petrol
391,Maruti Suzuki Omni,Maruti,2001,"70,000",70000,Petrol
392,Hyundai Sonata Transform,Hyundai,2017,"1,90,000",36469,Diesel
393,Hyundai Elite i20,Hyundai,2018,"6,00,000",7800,Petrol
394,Volkswagen Vento Konekt,Volkswagen,2011,"2,45,000",65000,Diesel
395,Maruti Suzuki Alto,Maruti,2017,"2,40,000",60000,Petrol
396,Maruti Suzuki Alto,Maruti,2011,"1,55,000",32000,Petrol
397,Honda Jazz S,Honda,2009,"1,69,999",24695,Petrol
398,Hyundai Grand i10,Hyundai,2017,"4,50,000",15141,Petrol
399,Maruti Suzuki Zen,Maruti,2001,"40,000",40000,Petrol
400,Mahindra Scorpio W,Mahindra,2012,"1,65,000",65000,Diesel
401,Maruti Suzuki Alto,Maruti,2014,"2,70,000",22000,Petrol
402,Hyundai Grand i10,Hyundai,2016,"2,80,000",59910,Diesel
403,Mahindra XUV500 W8,Mahindra,2012,"5,60,000",100000,Diesel
404,Hyundai Creta 1.6,Hyundai,2016,"9,50,000",25000,Petrol
405,Hyundai i20 Magna,Hyundai,2013,"3,10,000",35000,Petrol
406,Renault Duster 85,Renault,2015,"7,15,000",65000,Diesel
407,Hyundai Grand i10,Hyundai,2014,"3,40,000",35000,Petrol
408,Honda Brio V,Honda,2012,"2,35,000",33000,Petrol
409,Mahindra TUV300 T4,Mahindra,2017,"6,10,000",68000,Diesel
410,Chevrolet Spark LS,Chevrolet,2010,"95,000",23000,Petrol
411,Mahindra TUV300 T8,Mahindra,2018,"10,00,000",4500,Diesel
412,Maruti Suzuki Swift,Maruti,2015,"2,20,000",129000,Diesel
413,Nissan X Trail,Nissan,2019,"12,00,000",300,Diesel
414,Maruti Suzuki Alto,Maruti,2015,"2,30,000",5000,Petrol
415,Ford Ikon 1.3,Ford,2001,"45,000",65000,Petrol
416,Toyota Fortuner 3.0,Toyota,2010,"9,40,000",131000,Diesel
417,Tata Manza ELAN,Tata,2010,"1,55,555",111111,Petrol
418,Mercedes Benz A,Mercedes,2013,"15,00,000",14000,Petrol
419,Chevrolet Beat LS,Chevrolet,2016,"2,10,000",22000,Diesel
420,Ford EcoSport Trend,Ford,2013,"4,95,000",38000,Diesel
421,Tata Indigo LS,Tata,2016,"1,25,000",70000,Diesel
422,Hyundai i20 Magna,Hyundai,2010,"1,95,000",36000,Petrol
423,Volkswagen Vento Highline,Volkswagen,2015,"5,50,000",34000,Diesel
424,Renault Kwid RXT,Renault,2015,"2,70,000",43000,Petrol
425,Ford EcoSport Titanium,Ford,2014,"5,00,000",40000,Diesel
426,Honda Amaze 1.5,Honda,2016,"2,40,000",160000,Diesel
427,Hyundai Verna 1.6,Hyundai,2017,"8,00,000",12000,Petrol
428,BMW 5 Series,BMW,2011,"12,99,000",49000,Diesel
429,Skoda Superb 1.8,Skoda,2011,"5,30,000",68000,Petrol
430,Audi Q3 2.0,Audi,2013,"14,99,000",37000,Diesel
431,Mahindra Bolero DI,Mahindra,2012,"2,20,000",59466,Diesel
432,Maruti Suzuki Zen,Maruti,2011,Ask For Price,16000,Petrol
433,Mahindra Scorpio S10,Mahindra,2015,"9,00,000",97200,Diesel
434,Ford Figo Duratorq,Ford,2012,"2,50,000",99000,Diesel
435,Maruti Suzuki Wagon,Maruti,2018,"3,95,000",25500,Petrol
436,Mahindra Logan Diesel,Mahindra,2009,"1,30,000",66000,Petrol
437,Tata Nano GenX,Tata,2010,"32,000",44005,Petrol
438,Mahindra TUV300 T4,Mahindra,2016,"5,40,000",35000,Diesel
439,Mahindra TUV300 T4,Mahindra,2016,"5,40,000",35000,Diesel
440,Hyundai Elite i20,Hyundai,2015,"4,05,000",28000,Petrol
441,Hyundai Elite i20,Hyundai,2015,"4,00,000",30000,Petrol
442,Honda City SV,Honda,2017,"7,60,000",4000,Petrol
443,Maruti Suzuki Baleno,Maruti,2016,"5,00,000",28000,Petrol
444,Ford Figo Petrol,Ford,2011,"1,75,000",75000,Petrol
445,Mahindra Scorpio S10,Mahindra,2015,"9,00,000",97200,Diesel
446,Honda City,Honda,2017,"7,50,000",3000,Petrol
447,Hyundai Elite i20,Hyundai,2015,"4,19,000",20000,Petrol
448,Maruti Suzuki Versa,Maruti,2004,"90,000",50000,Petrol
449,Hyundai Eon Era,Hyundai,2018,"1,40,000",2110,Petrol
450,Mitsubishi Pajero Sport,Mitsubishi,2015,"15,40,000",43222,Petrol
451,Hyundai i10 Magna,Hyundai,2008,"2,75,000",100200,Petrol
452,Toyota Corolla H2,Toyota,2003,"1,50,000",100000,Petrol
453,Maruti Suzuki Swift,Maruti,2011,"2,30,000",65,Petrol
454,Tata Indigo CS,Tata,2015,"1,23,000",100000,Diesel
455,Mahindra Scorpio S10,Mahindra,2015,"9,00,000",97200,Diesel
456,Mahindra Scorpio S10,Mahindra,2015,"9,00,000",97200,Diesel
457,Hyundai Xcent Base,Hyundai,2016,"3,00,000",140000,Diesel
458,Honda City,Honda,2015,"4,99,999",55000,Petrol
459,Hyundai Accent Executive,Hyundai,2009,"1,65,000",48000,Petrol
460,Maruti Suzuki Baleno,Maruti,2016,"4,98,000",22000,Petrol
461,Tata Zest XE,Tata,2018,"4,80,000",103553,Diesel
462,Maruti Suzuki Dzire,Maruti,2017,"4,88,000",80000,Diesel
463,Tata Sumo Gold,Tata,2014,"2,50,000",99000,Diesel
464,Toyota Corolla Altis,Toyota,2010,"2,20,000",58000,Petrol
465,Maruti Suzuki Eeco,Maruti,2013,"2,90,000",70000,LPG
466,Toyota Fortuner 3.0,Toyota,2015,"15,25,000",120000,Diesel
467,Mahindra XUV500 W6,Mahindra,2013,"5,48,900",49800,Diesel
468,Tata Tigor Revotron,Tata,2019,"6,50,000",100,Diesel
469,Maruti Suzuki 800,Maruti,2001,"55,000",81876,Petrol
470,Maruti Suzuki Ertiga,Maruti,2015,"5,50,000",75000,Petrol
471,Maruti Suzuki Versa,Maruti,2004,"90,000",50000,Petrol
472,Honda Mobilio S,Honda,2014,"3,99,000",44000,Diesel
473,Maruti Suzuki Ertiga,Maruti,2016,"7,30,000",55000,Diesel
474,Maruti Suzuki Vitara,Maruti,2017,"7,25,000",36000,Diesel
475,Hyundai Verna 1.6,Hyundai,2016,"1,95,000",56000,Diesel
476,Maruti Suzuki Swift,Maruti,2007,"1,30,000",62000,Petrol
477,Toyota Fortuner 3.0,Toyota,2015,"15,25,000",120000,Diesel
478,Maruti Suzuki Omni,Maruti,2014,"1,90,000",6020,Petrol
479,Honda Amaze,Honda,2013,"2,50,000",55700,Diesel
480,Tata Indica,Tata,2005,"80,000",42000,Petrol
481,Hyundai Santro Xing,Hyundai,2003,"1,20,000",50000,Petrol
482,Maruti Suzuki Zen,Maruti,2010,"1,49,000",35000,Petrol
483,Maruti Suzuki Wagon,Maruti,2014,"2,50,000",18500,Petrol
484,Maruti Suzuki Wagon,Maruti,2007,"1,20,000",7000,Petrol
485,Honda Brio VX,Honda,2017,"4,50,000",11000,Petrol
486,Hyundai Xcent Base,Hyundai,2015,Ask For Price,180000,Diesel
487,Maruti Suzuki Zen,Maruti,2003,"99,999",53000,Petrol
488,Maruti Suzuki Zen,Maruti,2008,"1,35,000",23000,Petrol
489,Maruti Suzuki Wagon,Maruti,2016,"2,25,000",35500,Diesel
490,Maruti Suzuki Alto,Maruti,2010,"99,000",22134,Petrol
491,Renault Kwid RXT,Renault,2019,"3,70,000",1000,Petrol
492,Tata Nano Lx,Tata,2010,"52,000",9000,Petrol
493,Jaguar XE XE,Jaguar,2016,"28,00,000",8500,Petrol
494,Hyundai Xcent S,Hyundai,2015,Ask For Price,35000,Petrol
495,Hyundai Eon Magna,Hyundai,2014,"1,90,000",35000,Petrol
496,Honda City 1.5,Honda,2014,"4,99,000",22000,Petrol
497,Hindustan Motors Ambassador,Hindustan,2002,"90,000",25000,Diesel
498,Maruti Suzuki Ritz,Maruti,2010,"1,49,000",40000,Petrol
499,Hyundai Grand i10,Hyundai,2017,"4,00,000",20000,Petrol
500,Hyundai Eon D,Hyundai,2016,"1,20,000",87000,Petrol
501,Maruti Suzuki Swift,Maruti,2015,"2,50,000",55000,Petrol
502,Maruti Suzuki Wagon,Maruti,2017,"3,75,000",23000,Petrol
503,Honda Amaze 1.2,Honda,2014,"3,81,000",6000,Petrol
504,Maruti Suzuki Estilo,Maruti,2013,"1,80,000",65000,Petrol
505,Maruti Suzuki Vitara,Maruti,2016,"5,80,000",25000,Diesel
506,Maruti Suzuki Eeco,Maruti,2015,"2,78,000",39000,Petrol
507,Toyota Innova 2.0,Toyota,2009,Ask For Price,15574,Diesel
508,Hyundai Creta 1.6,Hyundai,2016,"10,00,000",8000,Petrol
509,Mahindra Scorpio Vlx,Mahindra,2013,"6,90,000",75000,Diesel
510,Maruti Suzuki Ertiga,Maruti,2012,"4,80,000",51000,Diesel
511,Mitsubishi Lancer 1.8,Mitsubishi,2006,"85,000",50000,Petrol
512,Maruti Suzuki Maruti,Maruti,2001,"40,000",75000,Petrol
513,Maruti Suzuki Alto,Maruti,2015,"90,000",55800,Petrol
514,Hyundai Grand i10,Hyundai,2015,"3,40,000",53000,Petrol
515,Hyundai Eon D,Hyundai,2018,"2,60,000",25000,Petrol
516,Ford Fiesta SXi,Ford,2009,"2,50,000",56400,Petrol
517,Maruti Suzuki Ritz,Maruti,2010,"1,80,000",72160,Diesel
518,Hyundai Verna Fluidic,Hyundai,2012,"3,50,000",10000,Diesel
519,Maruti Suzuki Wagon,Maruti,2006,"90,001",48000,Petrol
520,Maruti Suzuki Estilo,Maruti,2007,"1,15,000",36000,Petrol
521,Audi A6 2.0,Audi,2012,"15,99,000",11500,Diesel
522,Maruti Suzuki Wagon,Maruti,2003,"1,30,000",133000,Petrol
523,Maruti Suzuki Wagon,Maruti,2009,"1,59,000",27000,Petrol
524,Maruti Suzuki Wagon,Maruti,2009,"1,60,000",35000,Petrol
525,Maruti Suzuki Alto,Maruti,2010,"1,10,000",55000,Petrol
526,Maruti Suzuki Baleno,Maruti,2016,"4,25,000",40000,Petrol
527,Hyundai Verna 1.6,Hyundai,2019,"9,00,000",2000,Petrol
528,Maruti Suzuki Swift,Maruti,2009,"1,50,000",45000,Petrol
529,Hyundai Getz Prime,Hyundai,2009,"1,10,000",20000,Petrol
530,Hyundai Santro,Hyundai,2000,"51,999",88000,Petrol
531,Hyundai Getz Prime,Hyundai,2009,"1,15,000",20000,Petrol
532,Chevrolet Beat PS,Chevrolet,2012,"2,15,000",65422,Diesel
533,Ford EcoSport Trend,Ford,2017,"5,80,000",10000,Petrol
534,Maruti Suzuki Dzire,Maruti,2013,"3,80,000",35000,Petrol
535,Hyundai Fluidic Verna,Hyundai,2013,"3,50,000",117000,Diesel
536,Tata Indica V2,Tata,2005,"35,000",150000,Diesel
537,BMW X1 xDrive20d,BMW,2011,"11,50,000",72000,Diesel
538,Hyundai i20 Asta,Hyundai,2010,"3,00,000",10750,Petrol
539,Honda City 1.5,Honda,2009,"2,69,000",55000,Petrol
540,Tata Nano,Tata,2013,"60,000",6800,Petrol
541,Chevrolet Cruze LTZ,Chevrolet,2014,"4,00,000",41000,Diesel
542,Hyundai Verna Fluidic,Hyundai,2015,"4,30,000",73000,Diesel
543,Maruti Suzuki Swift,Maruti,2011,"1,40,000",65000,Diesel
544,Mahindra XUV500 W6,Mahindra,2014,"85,00,003",45000,Diesel
545,Mahindra XUV500 W10,Mahindra,2018,"12,99,000",40000,Diesel
546,Maruti Suzuki Alto,Maruti,2014,"1,99,000",37000,Petrol
547,Hyundai Accent GLE,Hyundai,2006,"90,000",55000,Petrol
548,Force Motors One,Force,2013,"5,50,000",140000,Diesel
549,Datsun Go Plus,Datsun,2016,Ask For Price,5,Petrol
550,Maruti Suzuki Alto,Maruti,2019,"2,65,000",9800,Petrol
551,Chevrolet Spark 1.0,Chevrolet,2011,"1,00,000",27000,Petrol
552,Hyundai i10,Hyundai,2009,"2,15,000",27000,Petrol
553,Toyota Etios Liva,Toyota,2012,"3,80,000",20000,Diesel
554,Renault Duster 85PS,Renault,2013,"4,01,919",57923,Diesel
555,Chevrolet Enjoy,Chevrolet,2014,"4,90,000",30201,Diesel
556,Maruti Suzuki Alto,Maruti,2017,"2,80,000",6200,Petrol
557,BMW 5 Series,BMW,2009,"6,50,000",37518,Petrol
558,Toyota Etios Liva,Toyota,2014,"1,60,000",24652,Petrol
559,Mahindra Jeep MM,Mahindra,2004,"4,24,000",383,Diesel
560,Chevrolet Beat LS,Chevrolet,2016,"2,25,000",95000,Diesel
561,Chevrolet Cruze LTZ,Chevrolet,2011,"3,50,000",35000,Diesel
562,Jeep Wrangler Unlimited,Jeep,2015,"9,50,000",3528,Diesel
563,Maruti Suzuki Ertiga,Maruti,2013,"4,85,000",52500,Diesel
564,Hyundai Verna VGT,Hyundai,2010,"2,05,000",47900,Diesel
565,Maruti Suzuki Omni,Maruti,2012,"1,60,000",14000,Petrol
566,Maruti Suzuki Celerio,Maruti,2018,"3,10,000",37000,Petrol
567,Tata Zest Quadrajet,Tata,2017,"1,80,000",90000,Diesel
568,Mahindra XUV500 W6,Mahindra,2013,"5,49,900",52800,Diesel
569,Tata Indigo CS,Tata,2016,"1,50,000",104000,Diesel
570,Hyundai i10 Era,Hyundai,2011,"1,75,000",30000,Petrol
571,Tata Indigo eCS,Tata,2014,"95,000",195000,Diesel
572,Tata Indigo LX,Tata,2016,"2,30,000",104000,Diesel
573,Tata Indigo eCS,Tata,2016,"2,30,000",104000,Diesel
574,Tata Indigo Marina,Tata,2004,"1,80,000",70000,Diesel
575,Hyundai Xcent SX,Hyundai,2015,"4,00,000",43000,Diesel
576,Hyundai Eon Magna,Hyundai,2013,"1,85,000",23000,Petrol
577,Renault Duster 85,Renault,2015,"3,85,000",51000,Diesel
578,Maruti Suzuki Alto,Maruti,2009,"90,000",62000,Petrol
579,Tata Nano LX,Tata,2010,"32,000",48008,Petrol
580,Renault Duster 110,Renault,2013,"4,35,000",39000,Diesel
581,Maruti Suzuki Wagon,Maruti,2010,"2,25,000",40000,Petrol
582,Maruti Suzuki Swift,Maruti,2006,"1,89,700",48247,Petrol
583,Maruti Suzuki Ertiga,Maruti,2012,"3,89,700",39000,Diesel
584,Maruti Suzuki Swift,Maruti,2014,"3,65,000",23000,Petrol
585,Maruti Suzuki Alto,Maruti,2017,"3,60,000",9400,Petrol
586,Hyundai i20 Magna,Hyundai,2010,"2,10,000",50000,Petrol
587,Hyundai i10 Magna,Hyundai,2009,"1,70,000",75000,Petrol
588,Tata Zest XE,Tata,2017,"3,80,000",70000,Diesel
589,Mahindra Xylo E8,Mahindra,2009,"2,95,000",64000,Diesel
590,Toyota Corolla Altis,Toyota,2010,"1,85,000",55000,Petrol
591,Tata Manza Aqua,Tata,2014,"1,60,000",200000,Diesel
592,Mahindra KUV100 K8,Mahindra,2018,Ask For Price,7500,Diesel
593,Renault Kwid 1.0,Renault,2018,"2,90,000",2137,Petrol
594,Tata Venture EX,Tata,2013,"1,00,000",30000,Diesel
595,Maruti Suzuki Swift,Maruti,2014,"3,15,000",44000,Petrol
596,Maruti Suzuki Alto,Maruti,2002,Ask For Price,56000,Petrol
597,Skoda Octavia Classic,Skoda,2006,"1,14,990",65000,Diesel
598,Maruti Suzuki Omni,Maruti,2012,"1,20,000",160000,LPG
599,Chevrolet Beat Diesel,Chevrolet,2011,"1,25,000",56000,Diesel
600,Tata Sumo Gold,Tata,2012,"2,10,000",75000,Diesel
601,Hyundai Verna 1.6,Hyundai,2018,"8,55,000",42000,Diesel
602,Tata Sumo Gold,Tata,2012,"2,10,000",75000,Diesel
603,Mahindra Scorpio 2.6,Mahindra,2007,"2,60,000",56000,Diesel
604,Maruti Suzuki Zen,Maruti,2002,"95,000",10544,Petrol
605,Maruti Suzuki Swift,Maruti,2011,"2,55,000",64000,Petrol
606,Mahindra Scorpio SLX,Mahindra,2008,"3,00,000",70000,Diesel
607,Hyundai Grand i10,Hyundai,2014,"3,40,000",25000,Petrol
608,Hyundai Elite i20,Hyundai,2017,"5,50,000",15000,Petrol
609,Ford Ikon 1.6,Ford,2003,"60,000",50000,Petrol
610,Hyundai Elite i20,Hyundai,2015,Ask For Price,49500,Petrol
611,Toyota Innova 2.5,Toyota,2011,"7,50,000",147000,Diesel
612,Nissan Sunny XL,Nissan,2011,"2,30,000",52000,Petrol
613,Chevrolet Beat LT,Chevrolet,2012,"1,30,000",90001,Diesel
614,Maruti Suzuki Alto,Maruti,2017,"2,70,000",21000,Petrol
615,Maruti Suzuki Swift,Maruti,2012,"2,80,000",48006,Diesel
616,Maruti Suzuki Swift,Maruti,2012,"2,80,000",48006,Diesel
617,Maruti Suzuki Swift,Maruti,2012,"2,80,000",48006,Diesel
618,Toyota Innova 2.0,Toyota,2012,"6,00,000",80000,Diesel
619,Maruti Suzuki Swift,Maruti,2010,"1,90,000",74000,Diesel
620,Hyundai Elite i20,Hyundai,2015,"5,00,000",22000,Petrol
621,Mahindra XUV500 W10,Mahindra,2016,"10,65,000",41000,Diesel
622,Volkswagen Polo Trendline,Volkswagen,2015,"3,50,000",25000,Diesel
623,Toyota Etios Liva,Toyota,2012,"3,50,000",85000,Diesel
624,Mahindra TUV300 T4,Mahindra,2016,"5,40,000",29500,Diesel
625,Hyundai Elite i20,Hyundai,2015,"4,70,000",30000,Petrol
626,Hyundai Santro Xing,Hyundai,2014,"1,79,000",57000,Petrol
627,Maruti Suzuki Zen,Maruti,2003,"48,000",60000,Petrol
628,Maruti Suzuki Ciaz,Maruti,2016,"6,50,000",50000,Petrol
629,Hyundai Eon Era,Hyundai,2013,"1,90,000",39700,Petrol
630,Hyundai Elantra 1.8,Hyundai,2012,"5,00,000",65000,Petrol
631,Maruti Suzuki Swift,Maruti,2010,"2,70,000",67000,Diesel
632,Maruti Suzuki Zen,Maruti,2008,"1,25,000",46000,Petrol
633,Hyundai Eon Era,Hyundai,2012,"1,88,000",38000,Petrol
634,Hyundai Grand i10,Hyundai,2016,"3,80,000",27000,Petrol
635,Hyundai Verna Fluidic,Hyundai,2011,"3,65,000",43000,Diesel
636,Ford EcoSport Trend,Ford,2014,"4,65,000",47000,Petrol
637,Hyundai i20 Magna,Hyundai,2011,"2,40,000",42000,Petrol
638,Chevrolet Beat Diesel,Chevrolet,2016,"1,79,999",19336,Diesel
639,Tata Indica eV2,Tata,2015,"1,40,000",60105,Diesel
640,Jaguar XF 2.2,Jaguar,2013,"21,90,000",29000,Diesel
641,Audi Q5 2.0,Audi,2014,"23,90,000",34000,Diesel
642,BMW 3 Series,BMW,2011,"10,75,000",35000,Diesel
643,Maruti Suzuki Swift,Maruti,2015,"4,75,000",22000,Petrol
644,BMW X1 sDrive20d,BMW,2012,"10,25,000",41000,Diesel
645,Maruti Suzuki S,Maruti,2016,"6,15,000",21000,Diesel
646,Maruti Suzuki Ertiga,Maruti,2013,"4,75,000",48000,Diesel
647,Maruti Suzuki Alto,Maruti,2016,"2,70,000",38000,Petrol
648,Honda City SV,Honda,2014,"4,75,000",34000,Diesel
649,Volkswagen Vento Comfortline,Volkswagen,2011,"2,40,000",45933,Petrol
650,Honda City 1.5,Honda,2005,"1,20,000",68000,Petrol
651,Audi A4 2.0,Audi,2016,"19,00,000",44000,Diesel
652,Mahindra KUV100,Mahindra,2017,"3,60,000",35000,Diesel
653,Tata Zest XE,Tata,2018,"4,50,000",102563,Diesel
654,Mahindra XUV500 W8,Mahindra,2015,"9,00,000",28600,Diesel
655,Maruti Suzuki Swift,Maruti,2017,"6,50,000",41800,Diesel
656,Tata Sumo Gold,Tata,2014,"2,75,000",116000,Diesel
657,Maruti Suzuki Swift,Maruti,2009,"2,10,000",59000,Petrol
658,Mahindra Scorpio 2.6,Mahindra,2004,"1,75,000",58000,Diesel
659,Maruti Suzuki Omni,Maruti,2009,"85,000",45000,Petrol
660,Mitsubishi Pajero Sport,Mitsubishi,2015,"14,90,000",42590,Diesel
661,Renault Duster,Renault,2014,"8,00,000",7400,Diesel
662,Volkswagen Jetta Comfortline,Volkswagen,2009,"4,50,000",54500,Diesel
663,Maruti Suzuki Ertiga,Maruti,2012,"10,00,000",200000,Diesel
664,Audi A4 2.0,Audi,2013,"15,10,000",27000,Diesel
665,Volvo S80 Summum,Volvo,2015,"18,50,000",42000,Diesel
666,Toyota Corolla Altis,Toyota,2014,"7,90,000",29000,Petrol
667,Mitsubishi Pajero Sport,Mitsubishi,2015,"17,25,000",37000,Diesel
668,Chevrolet Beat LT,Chevrolet,2012,"1,35,000",36000,Petrol
669,BMW X1,BMW,2011,"10,00,000",34000,Diesel
670,Datsun Redi GO,Datsun,2018,"2,99,999",7000,Petrol
671,Mercedes Benz C,Mercedes,2009,"12,25,000",76000,Diesel
672,Mahindra Scorpio SLX,Mahindra,2004,"1,75,000",60000,Diesel
673,Volkswagen Vento Comfortline,Volkswagen,2011,"2,00,000",95000,Diesel
674,Tata Indigo CS,Tata,2017,"2,70,000",50000,Diesel
675,Ford Figo Petrol,Ford,2019,"5,25,000",00,Petrol
676,Honda City ZX,Honda,2006,"1,80,000",50000,Petrol
677,Maruti Suzuki Wagon,Maruti,2008,"1,40,000",68000,Petrol
678,Ford EcoSport Trend,Ford,2014,"4,00,000",16000,Petrol
679,Maruti Suzuki Swift,Maruti,2016,"4,99,000",51000,Diesel
680,Maruti Suzuki Omni,Maruti,2009,"85,000",56000,Petrol
681,Maruti Suzuki Zen,Maruti,2004,"70,000",100000,Petrol
682,Renault Duster RxL,Renault,2015,"5,50,000",36000,Petrol
683,Maruti Suzuki Swift,Maruti,2014,"3,70,000",11523,Petrol
684,Maruti Suzuki Baleno,Maruti,2018,"6,90,000",1000,Petrol
685,Honda WR V,Honda,2009,"2,50,000",60000,Petrol
686,Tata Indigo CS,Tata,2016,"1,10,000",85000,Diesel
687,Renault Duster 110,Renault,2013,"4,90,000",38600,Diesel
688,Mahindra Scorpio LX,Mahindra,2009,"3,20,000",95500,Diesel
689,Maruti Suzuki Zen,Maruti,2004,"68,000",56000,Petrol
690,Maruti Suzuki Wagon,Maruti,2014,"1,30,000",37458,Petrol
691,Maruti Suzuki SX4,Maruti,2016,"9,70,000",85960,Diesel
692,Audi A3 Cabriolet,Audi,2015,"31,00,000",12516,Petrol
693,Hyundai Eon D,Hyundai,2018,"2,80,000",35000,Petrol
694,Maruti Suzuki Zen,Maruti,2009,"1,25,000",00,Petrol
695,Mahindra Scorpio SLX,Mahindra,2008,"2,85,000",80000,Diesel
696,Hyundai Santro AE,Hyundai,2011,"1,65,000",45000,Petrol
697,Maruti Suzuki Swift,Maruti,2009,"2,50,000",51000,Diesel
698,Mahindra Scorpio S4,Mahindra,2015,"8,65,000",30000,Diesel
699,Mahindra Xylo D2,Mahindra,2011,"3,90,000",48000,Diesel
700,Hyundai Santro,Hyundai,2003,"60,000",51000,Petrol
701,Chevrolet Beat LT,Chevrolet,2015,"2,15,000",90000,Diesel
702,Maruti Suzuki Swift,Maruti,2015,"4,75,000",43000,Diesel
703,Mahindra XUV500 W8,Mahindra,2015,"8,99,000",53000,Diesel
704,Toyota Fortuner 3.0,Toyota,2013,"14,99,000",97000,Diesel
705,Maruti Suzuki Alto,Maruti,2013,"2,40,000",20000,Petrol
706,Hyundai Getz GLE,Hyundai,2007,"99,000",55000,Petrol
707,Maruti Suzuki Swift,Maruti,2014,"2,60,000",120000,Diesel
708,Hyundai Creta 1.6,Hyundai,2019,"12,00,000",0,Petrol
709,Hyundai Santro Xing,Hyundai,2007,"1,15,000",46000,Petrol
710,Hyundai Santro Xing,Hyundai,2009,"88,000",43200,Petrol
711,Mahindra Xylo D2,Mahindra,2011,"3,90,000",56000,Diesel
712,Hyundai Santro Xing,Hyundai,2007,"1,35,000",42000,Petrol
713,Tata Indica V2,Tata,2009,"90,000",30600,Diesel
714,Hyundai i10 Sportz,Hyundai,2011,"2,20,000",38000,Petrol
715,Hyundai Grand i10,Hyundai,2017,"4,24,999",2550,Petrol
716,Hyundai Santro Xing,Hyundai,2007,"1,35,000",47000,Petrol
717,Honda City 1.5,Honda,2005,"95,000",41000,Petrol
718,Nissan Micra XL,Nissan,2017,"4,30,000",62500,Diesel
719,Honda City 1.5,Honda,2005,"1,15,000",68000,Petrol
720,Maruti Suzuki Alto,Maruti,2015,"2,15,000",50000,Petrol
721,Maruti Suzuki Wagon,Maruti,2004,"53,000",69000,Petrol
722,Maruti Suzuki Ertiga,Maruti,2012,"5,00,000",48000,Diesel
723,Tata Indica eV2,Tata,2012,"85,000",55000,Diesel
724,Maruti Suzuki Omni,Maruti,2013,"1,65,000",25000,Petrol
725,Hyundai Eon Era,Hyundai,2014,"2,00,000",28400,Petrol
726,Hyundai Eon,Hyundai,2014,"2,00,000",28000,Petrol
727,Maruti Suzuki Swift,Maruti,2015,"4,25,000",42000,Diesel
728,Hyundai Verna 1.6,Hyundai,2012,"6,00,000",29000,Diesel
729,Chevrolet Tavera LS,Chevrolet,2005,"1,30,000",68485,Diesel
730,Tata Tiago Revotron,Tata,2018,"4,30,000",3500,Petrol
731,Tata Tiago Revotorq,Tata,2019,"5,68,500",0,Petrol
732,Tata Nexon,Tata,2019,Ask For Price,0,Petrol
733,Maruti Suzuki Zen,Maruti,2006,"71,000",32000,Petrol
734,Mahindra KUV100 K8,Mahindra,2018,"5,60,000",8000,Diesel
735,Ford EcoSport Titanium,Ford,2014,"5,90,000",34000,Diesel
736,Hindustan Motors Ambassador,Hindustan,1995,"7,50,000",37000,Petrol
737,Ford Fusion 1.4,Ford,2007,"1,25,000",85455,Diesel
738,Hyundai Santro Xing,Hyundai,2007,"1,35,000",46000,Petrol
739,Hyundai Santro,Hyundai,2002,"60,000",47000,Petrol
740,Fiat Linea Emotion,Fiat,2009,"1,20,000",64000,Petrol
741,Ford Ikon 1.3,Ford,2008,"95,000",46000,Petrol
742,Maruti Suzuki Omni,Maruti,2017,"2,40,000",8000,Petrol
743,Tata Indica V2,Tata,2012,"1,15,000",64000,Diesel
744,Mahindra Scorpio S4,Mahindra,2015,"7,95,000",63000,Diesel
745,Hyundai Santro Xing,Hyundai,2007,"55,000",65000,Petrol
746,Mahindra Xylo D2,Mahindra,2009,"3,00,000",62000,Diesel
747,Hyundai Grand i10,Hyundai,2014,"3,20,000",41000,Petrol
748,Maruti Suzuki Alto,Maruti,2015,"2,65,000",14000,Petrol
749,Toyota Corolla,Toyota,2006,"1,60,000",40000,Petrol
750,Hyundai Eon Magna,Hyundai,2017,"3,00,000",1600,Petrol
751,Tata Sumo Grande,Tata,2010,"1,30,000",90000,Diesel
752,Maruti Suzuki Swift,Maruti,2011,"2,50,000",58000,Diesel
753,Volkswagen Polo Highline1.2L,Volkswagen,2013,"3,80,000",27000,Petrol
754,Maruti Suzuki Alto,Maruti,2003,"42,000",60000,Petrol
755,Tata Tiago Revotron,Tata,2017,"4,00,000",31000,Petrol
756,Maruti Suzuki Swift,Maruti,2009,"1,20,000",90000,Diesel
757,Maruti Suzuki Swift,Maruti,2009,"1,20,000",90000,Diesel
758,Tata Indigo eCS,Tata,2016,"1,30,000",150000,Diesel
759,Chevrolet Beat LS,Chevrolet,2014,"1,89,000",31000,Diesel
760,Mahindra Xylo E8,Mahindra,2011,"3,65,000",43000,Diesel
761,Hyundai Eon D,Hyundai,2013,"1,70,000",20000,Petrol
762,Tata Sumo Gold,Tata,2013,"2,15,000",100000,Petrol
763,Tata Nano,Tata,2013,"60,000",7000,Petrol
764,Hyundai Elite i20,Hyundai,2017,"5,99,999",31000,Petrol
765,Hyundai i10 Magna,Hyundai,2009,"4,00,000",33000,Petrol
766,Hyundai Creta,Hyundai,2016,"9,00,000",60000,Diesel
767,Volkswagen Polo,Volkswagen,2013,"2,99,999",48000,Diesel
768,Maruti Suzuki Dzire,Maruti,2014,"3,74,999",33000,Petrol
769,Tata Bolt XM,Tata,2015,"6,00,000",15000,Petrol
770,Maruti Suzuki Alto,Maruti,2005,"70,000",47000,Petrol
771,Maruti Suzuki Alto,Maruti,2005,"1,00,000",40000,Petrol
772,Hyundai Venue,Hyundai,2019,Ask For Price,7000,Diesel
773,Maruti Suzuki Ritz,Maruti,2010,"1,50,000",38000,Diesel
774,Maruti Suzuki Alto,Maruti,2017,"2,25,000",12500,Petrol
775,Maruti Suzuki Dzire,Maruti,2009,"2,10,000",42000,Petrol
776,Renault Lodgy,Renault,2016,Ask For Price,20000,Diesel
777,Hyundai i20 Asta,Hyundai,2014,"4,25,000",31000,Petrol
778,Maruti Suzuki Swift,Maruti,2008,"1,62,000",60000,Diesel
779,Tata Indica V2,Tata,2005,"60,000",80000,Diesel
780,Mahindra Scorpio VLX,Mahindra,2014,"6,50,000",77000,Diesel
781,Toyota Innova 2.5,Toyota,2012,"7,50,000",75000,Diesel
782,Mahindra Xylo E8,Mahindra,2010,"3,75,000",40000,Diesel
783,Hyundai i20 Magna,Hyundai,2011,"2,30,000",47000,Petrol
784,Maruti Suzuki Omni,Maruti,2000,"35,999",60000,Petrol
785,Mahindra KUV100,Mahindra,2016,"3,80,000",26500,Petrol
786,Mahindra KUV100 K8,Mahindra,2019,"5,60,000",2875,Petrol
787,Datsun Go Plus,Datsun,2016,"2,85,000",13900,Petrol
788,Ford Endeavor 4x4,Ford,2019,"29,00,000",9000,Diesel
789,Tata Indica V2,Tata,2005,"39,999",80000,Diesel
790,Hyundai Santro Xing,Hyundai,2006,"85,000",60000,Petrol
791,Maruti Suzuki Wagon,Maruti,2016,"3,95,000",20000,Petrol
792,Maruti Suzuki Swift,Maruti,2008,"1,75,000",58000,Diesel
793,Maruti Suzuki Alto,Maruti,2019,"4,00,000",1500,Petrol
794,Toyota Innova 2.5,Toyota,2011,"7,50,000",75000,Diesel
795,Maruti Suzuki Alto,Maruti,2016,"2,50,000",2450,Petrol
796,Maruti Suzuki Alto,Maruti,2019,"4,25,000",1625,Petrol
797,Maruti Suzuki Alto,Maruti,2019,Ask For Price,1500,Petrol
798,Volkswagen Polo Highline1.2L,Volkswagen,2017,"5,25,000",45000,Petrol
799,Mahindra Logan,Mahindra,2009,"1,30,000",65000,Diesel
800,Maruti Suzuki 800,Maruti,2000,"30,000",33400,Petrol
801,Mahindra Scorpio,Mahindra,2011,"4,75,000",60123,Diesel
802,Chevrolet Sail 1.2,Chevrolet,2013,"3,00,000",28000,Petrol
803,Volkswagen Vento Highline,Volkswagen,2015,Ask For Price,38900,Diesel
804,Hyundai Santro AE,Hyundai,2003,"60,000",70000,Petrol
805,Maruti Suzuki Wagon,Maruti,2006,"1,00,000",7000,Petrol
806,Hyundai Eon,Hyundai,2018,"2,60,000",25000,Petrol
807,Tata Manza,Tata,2015,"1,00,000",100000,Diesel
808,Toyota Innova 2.0,Toyota,2019,Ask For Price,4000,Petrol
809,Toyota Etios G,Toyota,2013,"2,65,000",42000,Petrol
810,Hyundai Getz Prime,Hyundai,2009,"1,15,000",20000,Petrol
811,Toyota Qualis,Toyota,2003,"1,80,000",100000,Diesel
812,Hyundai Santro Xing,Hyundai,2004,"45,000",137495,Petrol
813,Tata Indica eV2,Tata,2016,"50,500",91200,Diesel
814,Honda City 1.5,Honda,2009,"2,70,000",55000,Petrol
815,Tata Zest XE,Tata,2017,"2,90,000",120000,Diesel
816,Mahindra Quanto C4,Mahindra,2013,"3,25,000",63000,Diesel
817,Tata Indigo eCS,Tata,2016,"1,60,000",104000,Diesel
818,Maruti Suzuki Swift,Maruti,2016,"3,50,000",146000,Diesel
819,Hyundai Elite i20,Hyundai,2011,"2,90,000",40000,Petrol
820,Hyundai i20 Select,Hyundai,2011,"2,90,000",40000,Petrol
821,Chevrolet Tavera Neo,Chevrolet,2007,"4,65,000",100800,Diesel
822,Maruti Suzuki Dzire,Maruti,2016,"3,25,000",150000,Diesel
823,Hyundai Elite i20,Hyundai,2018,"5,10,000",2100,Petrol
824,Honda City VX,Honda,2016,"8,60,000",95000,Petrol
825,Maruti Suzuki Dzire,Maruti,2016,"4,50,000",2500,Diesel
826,Hyundai Getz,Hyundai,2006,"1,25,000",80000,Petrol
827,Mercedes Benz C,Mercedes,2006,"5,00,001",15000,Petrol
828,Maruti Suzuki Alto,Maruti,2005,"95,000",65000,Petrol
829,Maruti Suzuki Swift,Maruti,2009,"2,50,000",51000,Diesel
830,Skoda Fabia,Skoda,2009,"1,10,000",45000,Petrol
831,Maruti Suzuki Alto,Maruti,2015,Ask For Price,70000,Petrol
832,Maruti Suzuki Ritz,Maruti,2011,"2,70,000",50000,Petrol
833,Tata Indica V2,Tata,2009,"1,10,000",30000,Diesel
834,Toyota Corolla Altis,Toyota,2009,"3,00,000",132000,Petrol
835,Tata Zest XM,Tata,2018,"2,60,000",27000,Diesel
836,Mahindra Quanto C8,Mahindra,2013,"3,90,000",40000,Diesel
